,date,open,high,low,close,volume
0,2025-01-20,96889.4,109688.0,96666.0,102695.2,5264.407
1,2025-01-21,102715.4,104000.0,97200.0,103037.7,2930.556
2,2025-01-22,103040.9,103999.8,96885.9,100499.9,3383.829
3,2025-01-23,100050.4,107839.1,98400.0,103433.4,5776.59
4,2025-01-24,103000.1,107859.9,101900.0,104500.0,3502.626
5,2025-01-25,104376.1,107721.7,101310.3,102830.8,3012.286
6,2025-01-26,102830.8,106458.9,101382.4,105469.1,2972.933
7,2025-01-27,105571.6,106000.0,98500.0,101499.9,4273.161
8,2025-01-28,101242.2,104399.9,99500.5,101324.3,3626.636
9,2025-01-29,101324.3,104400.0,99000.1,103657.4,2969.426
10,2025-01-30,103668.8,107000.0,100083.9,103800.0,4194.177
11,2025-01-31,103750.1,106350.0,102222.0,103991.9,2531.969
12,2025-02-01,103991.9,103997.7,100500.2,101933.0,3638.331
13,2025-02-02,102000.0,103200.0,98040.1,99139.8,4662.946
14,2025-02-03,99139.8,107721.6,92040.5,101379.0,6613.432
15,2025-02-04,101595.4,106999.9,98170.1,100978.7,4218.284
16,2025-02-05,101059.9,104600.0,98000.1,100499.8,3406.439
17,2025-02-06,100499.8,104500.0,95500.2,98200.0,3647.635
18,2025-02-07,98231.5,101579.0,95500.0,97515.1,3526.083
19,2025-02-08,97022.5,99998.9,95000.0,99389.9,3289.014
20,2025-02-09,99389.9,99499.9,97258.0,99158.2,3448.725
21,2025-02-10,99158.2,119252.0,92030.0,102312.0,8618.321
22,2025-02-11,102080.0,102995.0,97900.0,99000.0,2966.841
23,2025-02-12,99000.0,101000.0,96400.1,99829.6,3405.005
24,2025-02-13,99619.0,101000.0,96443.8,98493.7,3981.996
25,2025-02-14,98493.7,100400.1,96443.8,97441.6,2810.415
26,2025-02-15,97441.6,99100.0,96443.9,98163.5,2534.59
27,2025-02-16,98361.0,99000.0,96500.0,98230.3,3155.508
28,2025-02-17,98230.3,98659.9,96443.8,96873.4,3430.218
29,2025-02-18,97000.0,97306.4,92035.0,96288.0,6710.411
30,2025-02-19,96224.0,98300.0,94938.4,96447.2,4561.849
31,2025-02-20,96447.2,99299.6,95434.1,98339.0,5564.481
32,2025-02-21,98339.0,102222.0,95600.0,97887.5,6389.057
33,2025-02-22,97769.9,98300.0,96500.0,97890.0,3646.855
34,2025-02-23,97888.3,98000.0,95583.9,97209.6,3067.585
35,2025-02-24,97144.5,97524.0,91608.0,94717.0,7608.399
36,2025-02-25,94638.5,95261.4,86300.0,89864.2,13516.747
37,2025-02-26,89640.9,91700.0,86300.0,87000.4,7203.812
38,2025-02-27,87100.0,89999.8,86900.0,88536.0,4450.778
39,2025-02-28,88491.2,89699.9,79561.8,84057.2,7733764.335
40,2025-03-01,84057.2,84195.2,84055.9,84184.1,13872.594
41,2025-03-02,84191.8,84195.7,84055.9,84156.3,8374.994
42,2025-03-03,84168.5,122080.3,79413.6,85800.0,11531495.453
43,2025-03-04,85800.0,88890.9,81457.3,86843.9,7229342.142
44,2025-03-05,87348.0,120000.0,59180.2,90719.8,14961160.755
45,2025-03-06,90719.8,114701.0,64911.0,87056.7,2122210.375
46,2025-03-07,86939.6,104459.9,85505.0,86478.1,5229566.443
47,2025-03-08,86361.2,86691.1,85578.3,85885.6,8316198.451
48,2025-03-09,86000.0,86443.5,80283.6,80376.3,9412612.089
49,2025-03-10,80608.1,85000.0,77506.4,78878.8,9703679.244
50,2025-03-11,78878.8,83203.1,76771.6,82508.6,10180832.916
51,2025-03-12,82816.4,83842.7,80772.7,83425.1,9172091.033
52,2025-03-13,83615.0,83996.8,82422.4,82852.6,4429170.423
53,2025-03-14,82825.9,99108.8,80668.0,84010.0,10194007.711
54,2025-03-15,83985.2,84686.8,83706.9,84406.2,10614028.394
55,2025-03-16,84319.7,84451.3,82067.7,82567.5,11803746.575
56,2025-03-17,82605.6,84629.2,82522.0,84029.5,12043349.26
57,2025-03-18,84078.2,84093.1,81241.7,82682.0,8232287.547
58,2025-03-19,82733.8,86904.1,82625.2,86857.0,8372923.724
59,2025-03-20,86802.4,87319.9,83734.1,84194.0,8822824.488
60,2025-03-21,84194.0,84811.8,83294.3,84031.6,9961511.038
61,2025-03-22,84102.6,84506.5,83727.4,83790.1,10179210.037
62,2025-03-23,83806.8,85890.3,83759.4,85694.1,10546070.837
63,2025-03-24,85694.1,88681.5,85568.3,87323.9,11505915.592
64,2025-03-25,87369.4,88462.7,86367.7,87386.9,11624084.678
65,2025-03-26,87390.6,88266.3,85940.9,86941.6,11458717.453
66,2025-03-27,86941.6,114990.0,85994.1,87213.1,12376154.143
67,2025-03-28,87287.8,97010.0,58995.3,84397.7,11168089.699
68,2025-03-29,84429.1,84619.3,81768.2,82646.2,11436685.874
69,2025-03-30,82646.2,89999.9,81743.1,82369.8,11339769.639
70,2025-03-31,82307.2,107999.0,57452.9,82569.3,11356937.654
71,2025-04-01,82532.4,100000.0,81000.0,85124.8,3886621.342
72,2025-04-02,85124.2,92000.0,81284.8,82492.1,588640.238
73,2025-04-03,82492.0,90861.4,81290.6,83137.0,89774.056
74,2025-04-04,83134.1,90861.4,80000.0,83846.3,150634.983
75,2025-04-05,83846.3,90910.0,80952.0,83519.5,64147.088
76,2025-04-06,83519.5,86687.7,76937.8,78369.4,200586.03
77,2025-04-07,78369.4,85929.5,73473.5,79147.9,273074.421
78,2025-04-08,79149.5,81500.0,76246.0,76295.1,181445.541
79,2025-04-09,76296.0,83500.0,72000.0,82580.1,296978.74
80,2025-04-10,82580.1,82998.3,77866.0,79837.8,202336.235
81,2025-04-11,79837.8,84500.0,79819.1,83255.5,179847.258
82,2025-04-12,83256.3,85488.0,82457.0,85255.1,99919.924
83,2025-04-13,85255.3,85898.7,83050.0,83696.4,123972.042
84,2025-04-14,83693.5,85921.4,83680.3,84544.6,64929.7
85,2025-04-15,84544.5,86566.9,80970.2,83617.4,229263.738
86,2025-04-16,83617.7,95940.4,68000.0,83988.2,714313.439
87,2025-04-17,83990.0,85399.9,83726.6,84905.7,61676.199
88,2025-04-18,84905.7,85036.8,84000.0,84427.5,52855.643
89,2025-04-19,84442.6,87828.0,84327.1,85031.7,100588.437
90,2025-04-20,85031.7,85358.7,83333.3,85141.3,34471.723
91,2025-04-21,85141.3,89999.0,77705.3,87472.9,105003.067
92,2025-04-22,87472.9,94092.2,87059.0,93382.5,110382.291
93,2025-04-23,93382.5,96000.0,91944.1,93644.9,88008.712
94,2025-04-24,93643.9,138189.8,46499.4,93930.0,303845.447
95,2025-04-25,93930.0,95646.1,92926.0,94724.3,64049.759
96,2025-04-26,94733.0,95600.0,93840.0,94622.6,42054.962
97,2025-04-27,94622.6,95283.1,93600.6,93742.8,34053.74
98,2025-04-28,93742.8,95500.0,93259.9,94953.7,52762.074
99,2025-04-29,94953.7,95600.0,93311.1,94209.1,58423.595
100,2025-04-30,94209.2,95480.0,93000.0,94150.0,77521.674
101,2025-05-01,94150.0,97517.3,94051.3,96432.0,70033.811
102,2025-05-02,96432.0,97800.0,94000.0,96831.2,53620.507
103,2025-05-03,96831.1,96929.2,95599.4,95840.3,36418.48
104,2025-05-04,95840.3,96500.0,93612.1,94315.1,108886.386
105,2025-05-05,94315.1,98100.0,93530.8,94689.5,71056.996
106,2025-05-06,94689.4,96970.0,93292.4,96794.5,51497.369
107,2025-05-07,96794.5,97586.6,95820.0,96983.5,45613.442
108,2025-05-08,96988.4,103790.0,96846.3,103168.2,140430.167
109,2025-05-09,103168.2,104200.0,102343.8,102941.8,57645.937
110,2025-05-10,102941.9,104900.0,102805.4,104775.1,31951.241
111,2025-05-11,104775.1,104970.0,103201.9,104093.3,47024.647
112,2025-05-12,104093.3,109000.0,98820.0,102866.1,84119.063
113,2025-05-13,102884.4,105450.0,101500.0,104092.5,46537.716
114,2025-05-14,104092.5,104269.8,102593.0,103482.8,34206.13
115,2025-05-15,103458.1,111111.0,101309.8,103706.1,50138.845
116,2025-05-16,103725.9,104596.1,2593.71,103424.2,37212.619
117,2025-05-17,103424.2,103771.7,102500.0,103055.5,36596.502
118,2025-05-18,103079.5,106612.2,103006.7,106455.9,44365.196
119,2025-05-19,106456.0,109999.0,102100.0,105532.9,60581.44
120,2025-05-20,105534.0,107327.7,104111.6,106775.1,49611.444
121,2025-05-21,106775.7,110590.1,105566.5,109609.0,98876.032
122,2025-05-22,109608.3,112666.0,109283.6,111686.4,64726.044
123,2025-05-23,111671.7,113671.1,105034.7,107267.0,70766.718
124,2025-05-24,107267.0,111000.8,106875.6,107694.9,22633.339
125,2025-05-25,107698.9,109268.4,106633.3,108956.6,20018.354
126,2025-05-26,108956.6,110337.2,108639.3,109405.3,24345.873
127,2025-05-27,109403.2,113000.0,107502.7,108944.6,22743.199
128,2025-05-28,108947.6,109220.0,106757.2,107717.7,23588.294
129,2025-05-29,107717.6,108874.3,105366.2,105548.9,41828.117
130,2025-05-30,105548.2,107719.3,103558.2,103933.7,40159.395
131,2025-05-31,103933.6,108200.0,103059.0,104544.7,26156.16
132,2025-06-01,104545.3,105799.5,103654.6,105576.8,38196.671
133,2025-06-02,105576.8,105924.2,103647.0,105808.5,27130.598
134,2025-06-03,105803.8,106763.9,103806.6,105330.1,45267.501
135,2025-06-04,105330.0,105936.7,104220.0,104712.2,30954.47
136,2025-06-05,104700.1,105900.0,100350.9,101562.5,72659.953
137,2025-06-06,101562.5,105401.5,97000.0,104239.8,57667.931
138,2025-06-07,104239.8,106008.9,103816.2,105620.2,15999.083
139,2025-06-08,105620.2,107000.0,104943.6,105684.6,20168.512
140,2025-06-09,105680.9,110360.6,105391.0,110218.9,42083.655
141,2025-06-10,110218.8,110315.2,108361.6,110242.3,22544.966
142,2025-06-11,110242.3,110454.1,108061.4,108613.4,33226.778
143,2025-06-12,108615.6,108827.9,105700.0,105700.0,70943.887
144,2025-06-13,105713.2,106940.1,102761.8,106031.0,70706.384
145,2025-06-14,106031.1,106169.6,102100.1,105359.8,24095.638
146,2025-06-15,105359.8,106080.9,104443.6,105530.7,20057.754
147,2025-06-16,105530.7,108890.9,104970.0,106664.8,56125.351
148,2025-06-17,106664.8,112884.6,104022.2,104502.5,27935.342
149,2025-06-18,104125.1,119999.0,103405.9,104821.2,88979.833
150,2025-06-19,104819.6,105743.0,103854.1,104612.8,28759.321
151,2025-06-20,104612.9,106552.6,102275.6,103300.0,55760.977
152,2025-06-21,103308.3,103985.9,100577.8,102073.1,58676.029
153,2025-06-22,102073.1,104450.0,98159.0,100915.5,62462.142
154,2025-06-23,100915.4,105981.9,99643.0,105291.3,106778.474
155,2025-06-24,105291.3,110000.0,104480.2,106026.6,49730.126
156,2025-06-25,106026.6,108164.8,105770.7,107287.1,45396.289
157,2025-06-26,107288.3,108260.0,106600.8,106889.1,26289.034
158,2025-06-27,106889.1,107663.3,106365.6,106984.4,29162.258
159,2025-06-28,106984.4,107600.0,106900.0,107241.0,15942.281
160,2025-06-29,107241.0,108582.8,107100.8,108309.8,34670.756
161,2025-06-30,108309.8,108743.9,106700.0,107102.0,33396.936
162,2025-07-01,107099.3,107551.7,105201.0,105637.2,43791.516
163,2025-07-02,105637.1,109625.7,105121.0,108800.1,51896.366
164,2025-07-03,108801.2,110480.0,108387.2,109550.2,27359.671
165,2025-07-04,109550.2,109804.6,107075.1,107939.7,35436.553
166,2025-07-05,107935.3,108360.2,107666.9,108153.3,7185.932
167,2025-07-06,108153.4,110000.0,107365.7,109165.4,22605.248
168,2025-07-07,109170.6,109632.2,107446.1,108223.0,16271.3
169,2025-07-08,108223.0,108620.1,107720.1,108610.2,16753.835
170,2025-07-09,108620.0,111200.0,107550.1,111103.6,20584.715
171,2025-07-10,111103.6,123456.7,107550.1,115952.3,66603.766
172,2025-07-11,115952.3,121400.0,113363.4,117500.0,40404.334
173,2025-07-12,117499.7,119888.0,116200.0,117381.5,17600.344
174,2025-07-13,117381.0,123400.0,116900.0,118799.9,21982.671
175,2025-07-14,118799.8,122000.0,113455.8,119749.9,45153.654
176,2025-07-15,119737.3,122399.0,116000.0,117759.6,32057.171
177,2025-07-16,117772.2,176420.2,116000.0,119502.9,62140.528
178,2025-07-17,119344.9,134444.0,116000.0,120319.0,23866.852
179,2025-07-18,120338.4,127377.0,116851.0,117974.9,16555.772
180,2025-07-19,117963.0,123690.0,117550.0,117858.7,21003.617
181,2025-07-20,117881.2,121525.0,117000.0,117500.1,11344.226
182,2025-07-21,117664.2,126444.0,110000.0,117330.3,33715.921
183,2025-07-22,117330.3,126444.0,116081.9,119979.6,61800.109
184,2025-07-23,119979.6,120120.0,117000.0,118699.9,26612.319
185,2025-07-24,118699.9,154591.0,117098.4,118337.4,40766.718
186,2025-07-25,118337.4,118599.9,114500.0,117799.8,33532.201
187,2025-07-26,117799.8,118999.0,116350.0,117952.9,15084.176
188,2025-07-27,117952.8,122222.0,117490.0,119001.1,23381.816
189,2025-07-28,119001.2,119924.4,117150.1,117765.0,22808.008
190,2025-07-29,117765.0,119500.9,116332.1,118000.1,13556.526
191,2025-07-30,117863.1,118733.1,111200.0,117792.2,43364.59
192,2025-07-31,117793.0,118888.0,111200.0,115954.8,44396.591
193,2025-08-01,115750.0,116999.9,111250.0,113477.5,31357.668
194,2025-08-02,113307.1,115000.0,110000.0,112502.0,16378.631
195,2025-08-03,112502.0,115000.0,111300.0,114400.0,12630.046
196,2025-08-04,114400.0,115900.0,111111.1,114982.7,10384.099
197,2025-08-05,114999.9,115350.0,112000.0,114182.4,9527.987
198,2025-08-06,114182.4,118218.2,109817.0,115028.1,25128.717
199,2025-08-07,115033.0,120000.0,114000.0,115351.1,25494.199
200,2025-08-08,115351.1,121000.0,93000.0,116621.3,120585.352
201,2025-08-09,116621.3,120999.8,115382.3,116515.2,16248.525
202,2025-08-10,116515.4,119900.0,115611.0,119531.0,14713.206
203,2025-08-11,119453.7,134437.7,117199.7,118607.0,33973.921
204,2025-08-12,118643.3,123000.0,118300.0,120191.9,15318.93
205,2025-08-13,120176.4,123900.0,115500.0,123265.7,27151.202
206,2025-08-14,123265.7,168799.8,90000.0,118565.3,97357.306
207,2025-08-15,118565.3,120018.5,97000.0,117498.5,45860.975
208,2025-08-16,117498.5,118492.5,116300.0,117297.4,14492.634
209,2025-08-17,117297.4,118888.0,116850.5,117431.3,13212.267
210,2025-08-18,117431.3,121000.0,114420.8,116200.9,16288.472
211,2025-08-19,116200.9,117610.9,112100.1,113026.9,17078.477
212,2025-08-20,112781.0,117000.0,100004.0,114275.7,25667.631
213,2025-08-21,114275.7,120899.0,110000.0,112557.0,14693.07
214,2025-08-22,112557.0,118000.0,110000.0,116882.3,36691.884
215,2025-08-23,116882.4,117500.0,114501.0,115386.0,15667.196
216,2025-08-24,115386.0,117220.0,109820.0,113311.2,22388.243
217,2025-08-25,113311.2,113807.2,103888.0,110399.3,34888.853
218,2025-08-26,110200.6,138500.1,104193.0,111709.9,27987.375
219,2025-08-27,111709.9,121500.0,110270.0,111136.7,62986.476
220,2025-08-28,111136.7,140762.7,110600.7,112500.0,60538.695
221,2025-08-29,112507.2,112631.2,107488.1,108317.8,56644.931
222,2025-08-30,108371.9,110547.0,107100.0,108758.0,24983.917
223,2025-08-31,108758.0,109712.9,107973.3,108208.4,8961.535
224,2025-09-01,108208.4,110500.0,106000.0,109220.6,41297.24
225,2025-09-02,109221.3,111763.7,108000.0,110660.1,34574.951
226,2025-09-03,110945.0,112489.4,110445.5,111681.0,7960.902
227,2025-09-04,111681.0,112194.0,108542.9,110647.0,3803.483
228,2025-09-05,110625.9,120000.0,110218.8,110614.9,14164.466
229,2025-09-06,110598.8,111390.0,109920.3,110135.2,2786.625
230,2025-09-07,110132.6,111750.0,109928.6,111112.2,3994.516
231,2025-09-08,111115.4,113077.9,110466.4,112027.4,4014.693
232,2025-09-09,112072.6,113588.0,110524.0,111499.9,7010.58
233,2025-09-10,111499.9,114555.0,110975.0,113903.8,8674.409
234,2025-09-11,113896.7,134999.0,105000.0,115439.0,168554.872
235,2025-09-12,115439.0,116888.0,113500.0,115980.2,9320.544
236,2025-09-13,116040.0,116864.0,115014.5,115862.7,7617.856
237,2025-09-14,115862.7,116370.0,114937.2,115169.2,22132.013
238,2025-09-15,115168.7,131611.0,114196.5,115636.6,48370.581
239,2025-09-16,115436.5,116993.7,114800.0,116747.3,19241.157
240,2025-09-17,116747.3,117594.5,114635.1,116300.0,316804.705
241,2025-09-18,116300.0,117959.8,116015.4,117017.1,291176.62
242,2025-09-19,117023.0,117610.0,114780.0,115569.5,137158.809
243,2025-09-20,115569.6,116059.3,115266.5,115665.5,457358.595
244,2025-09-21,115665.5,116016.6,115137.6,115199.1,54917.373
245,2025-09-22,115232.8,115999.7,107654.0,112604.8,125888.631
246,2025-09-23,112604.7,113852.0,111297.8,111947.0,849980.578
247,2025-09-24,111947.0,114000.0,111052.9,113253.9,899869.213
248,2025-09-25,113253.9,114000.0,108574.0,108955.9,1418086.612
249,2025-09-26,108947.0,110440.5,108610.0,109601.3,348032.622
250,2025-09-27,109601.3,110050.0,109074.7,109577.3,6525.843
251,2025-09-28,109577.3,112900.0,109130.1,112088.4,14479.523
252,2025-09-29,112088.4,115890.2,110315.0,114278.7,105707.026
253,2025-09-30,114278.7,114799.8,112600.0,113984.9,361509.131
254,2025-10-01,113984.9,118592.1,113913.2,118512.8,293462.711
255,2025-10-02,118517.1,120977.1,105000.0,120471.5,2358224.376
256,2025-10-03,120469.5,123854.6,119231.7,122151.0,973590.285
257,2025-10-04,122151.0,122730.1,121500.0,122297.5,235950.888
258,2025-10-05,122297.5,125738.4,122106.1,123426.7,669135.986
259,2025-10-06,123438.4,126136.5,123089.3,124657.6,723064.146
260,2025-10-07,124657.6,125055.1,120545.8,121305.0,743036.774
261,2025-10-08,121317.4,126000.0,121038.0,123237.4,816143.687
262,2025-10-09,123237.5,123693.2,119594.4,121592.4,774332.277
263,2025-10-10,121593.2,122430.5,100646.5,112755.3,1491072.167
264,2025-10-11,112764.7,113261.3,109561.9,110579.1,1534257.066
265,2025-10-12,110579.1,115664.9,109546.6,114894.4,1373807.595
266,2025-10-13,114892.1,115799.9,113699.5,115099.8,1136251.268
267,2025-10-14,115099.8,115339.4,109902.6,112981.4,1424713.084
268,2025-10-15,112981.4,113560.5,110137.5,110689.9,1224120.573
269,2025-10-16,110649.1,111929.4,107394.2,108140.0,1356961.035
270,2025-10-17,108140.0,109157.9,103514.8,106378.5,1522126.399
271,2025-10-18,106382.4,107403.1,106308.2,107139.2,531337.866
272,2025-10-19,107139.3,113500.5,106094.7,108557.5,197257.997
273,2025-10-20,108480.3,112000.0,107445.5,110470.0,744901.077
274,2025-10-21,110494.1,113917.8,107444.3,108304.0,930456.931
275,2025-10-22,108342.3,109052.0,106668.3,107549.9,1204037.488
276,2025-10-23,107549.9,111219.2,107484.6,110020.0,978304.208
277,2025-10-24,110020.0,111997.7,109719.9,110965.3,866583.979
278,2025-10-25,110957.7,111868.1,110669.6,111559.5,314707.49
279,2025-10-26,111559.5,115480.0,100101.0,114482.2,527420.423
280,2025-10-27,114469.6,116314.6,113877.0,114123.4,660313.256
281,2025-10-28,114102.4,116039.9,112121.5,112841.6,803028.09
282,2025-10-29,112841.6,113567.4,109399.8,109985.7,807866.908
283,2025-10-30,110003.4,111517.6,105555.0,108258.6,848240.603
284,2025-10-31,108258.6,111073.7,108250.8,109557.3,947962.342
285,2025-11-01,109557.4,110484.7,109376.6,110047.3,349252.627
286,2025-11-02,110047.3,111189.4,109492.0,110511.0,449999.973
287,2025-11-03,110506.7,110689.3,105000.0,106596.7,1085811.666
288,2025-11-04,106517.7,109300.5,98937.2,101450.8,1933309.213
289,2025-11-05,101450.8,109999.9,98960.1,103837.0,1601428.185
290,2025-11-06,103818.6,104530.0,100299.4,101339.9,1785193.887
291,2025-11-07,101276.1,108500.0,99265.2,103291.7,1759877.773
292,2025-11-08,103291.6,104000.0,101443.3,102269.2,794542.439
293,2025-11-09,102243.4,105396.6,101442.9,104670.6,952903.504
294,2025-11-10,104687.3,106615.6,104245.3,105966.2,970532.469
295,2025-11-11,105955.8,133199.0,102444.1,103010.1,1367974.915
296,2025-11-12,103044.8,105500.0,100851.0,101615.4,1194890.11
297,2025-11-13,101615.5,106937.1,98000.6,99695.5,1762358.735
298,2025-11-14,99744.9,100999.0,94073.1,94532.4,2413688.57
299,2025-11-15,94512.1,97000.0,94512.1,95553.6,1159871.888
300,2025-11-16,95553.6,125341.6,89800.0,94222.0,1296230.313
301,2025-11-17,94234.9,96500.0,89800.0,92166.4,1914848.53
302,2025-11-18,92166.4,94321.0,89300.0,92917.1,1933848.458
303,2025-11-19,92934.1,93300.0,88600.0,91513.7,1938008.071
304,2025-11-20,91513.7,116489.7,85200.0,86573.2,2147631.759
305,2025-11-21,86572.6,100000.0,80500.0,85119.5,2351121.979
306,2025-11-22,85106.8,109297.8,80500.0,84683.5,1725109.36
307,2025-11-23,84683.5,90000.0,81500.0,86796.2,1850762.281
308,2025-11-24,86797.2,89160.0,85103.5,88263.6,1788634.131
309,2025-11-25,88265.5,105000.0,80500.0,87311.1,1365954.994
310,2025-11-26,87324.1,95000.0,82000.0,90473.8,1054308.135
311,2025-11-27,90451.9,97000.0,82500.0,91290.4,873102.649
312,2025-11-28,91290.4,92891.6,86000.0,90848.0,1000063.13
313,2025-11-29,90848.0,91103.4,90163.1,90764.9,587819.187
314,2025-11-30,90765.0,91905.4,90333.5,90333.9,696545.944
315,2025-12-01,90333.9,90392.9,83872.1,86274.4,1691382.739
316,2025-12-02,86278.5,92207.7,82000.0,91273.0,1083577.434
317,2025-12-03,91273.0,93961.7,90992.9,93389.7,1044925.782
318,2025-12-04,93391.0,93989.0,90921.6,92079.9,993897.853
319,2025-12-05,92070.0,92630.1,86200.0,89290.6,1060776.9
320,2025-12-06,89290.6,90230.0,88912.1,89179.3,554127.889
321,2025-12-07,89205.9,91651.9,87728.3,90345.4,1129711.907
322,2025-12-08,90376.1,92500.0,89005.0,90595.7,1501858.373
323,2025-12-09,90594.7,95500.0,89213.0,92638.4,1303003.831
324,2025-12-10,92637.8,95500.0,90000.0,91960.4,1290443.649
325,2025-12-11,91960.7,95000.6,89213.0,92436.9,1952282.793
326,2025-12-12,92294.2,93000.0,89482.8,90228.6,1924066.073
327,2025-12-13,90228.7,92200.0,89761.6,90197.0,677648.32
328,2025-12-14,90197.0,91200.0,86000.0,88100.2,1528396.935
329,2025-12-15,88101.1,90999.0,80600.0,86391.0,2562799.848
330,2025-12-16,86391.1,89000.0,85206.5,87824.3,3510862.096
331,2025-12-17,87810.4,90233.9,85274.2,86139.7,4163531.757
332,2025-12-18,86137.8,89378.2,81234.0,85800.0,2619878.871
333,2025-12-19,86461.2,89317.0,85000.0,88100.1,3991538.864
334,2025-12-20,88100.0,88539.0,87820.2,88338.0,2526960.537
335,2025-12-21,88338.0,89000.0,87522.6,88595.9,3116571.785
336,2025-12-22,88595.9,90480.0,87888.8,88502.4,4450968.309
337,2025-12-23,88497.3,88894.5,86526.9,87440.0,4106105.467
338,2025-12-24,87438.1,90329.9,86200.0,87627.1,3572209.714
339,2025-12-25,87627.1,88503.6,86930.6,87214.5,2781981.791
340,2025-12-26,87214.5,90000.0,86653.2,87327.0,3986743.442
341,2025-12-27,87326.9,87898.5,86573.7,87823.1,1757206.711
342,2025-12-28,87823.1,88058.0,87000.0,87879.9,2280140.709
343,2025-12-29,87879.9,90329.9,85555.0,87214.0,3980679.64
344,2025-12-30,87214.0,89296.2,86666.0,88472.1,3398125.267
345,2025-12-31,88472.1,90338.1,87250.0,87608.4,2693519.265
346,2026-01-01,87608.4,88878.1,87000.0,88804.7,2053702.403
347,2026-01-02,88804.7,90893.1,87000.0,89951.4,4402957.114
348,2026-01-03,89951.4,92345.0,89153.7,90595.8,2687159.101
349,2026-01-04,90655.3,91750.0,87400.0,91490.9,3017165.038
350,2026-01-05,91490.9,94850.0,88025.0,93822.4,4091431.133
351,2026-01-06,93822.4,94500.0,91100.0,93708.1,4313151.396
352,2026-01-07,93725.0,118244.8,85122.4,91000.0,832320.872
353,2026-01-08,91328.1,105000.0,88000.0,91060.3,1693013.137
354,2026-01-09,91061.5,91949.4,89686.2,90583.6,3741292.026
355,2026-01-10,90583.6,90902.0,89832.6,90469.7,2092205.125
356,2026-01-11,90470.1,91300.0,90200.0,90930.7,1668668.866
357,2026-01-12,90913.5,92500.0,90117.3,91252.5,4301008.364
358,2026-01-13,91252.6,96569.1,91036.9,95369.7,4288446.827
359,2026-01-14,95363.1,97888.0,93076.4,96908.0,4518157.393
360,2026-01-15,96891.3,97200.0,95080.1,95561.0,4365198.972
361,2026-01-16,95543.6,95799.9,94263.0,95503.7,3242272.647
362,2026-01-17,95503.7,95801.8,94642.0,95106.9,2173219.738
363,2026-01-18,95106.9,95800.0,93521.0,93600.1,2509291.805
364,2026-01-19,93600.0,93852.8,92000.0,92589.7,3543445.486
365,2026-01-20,92589.7,92978.3,87927.5,88390.6,4517897.183
366,2026-01-21,88400.6,90531.8,87000.0,89415.7,4555715.478
367,2026-01-22,89415.7,90392.5,88000.0,89517.6,3534618.427
368,2026-01-23,89511.1,91805.0,88569.3,89565.2,2815930.239
369,2026-01-24,89565.2,89893.7,81111.0,89180.8,641898.757
370,2026-01-25,89179.5,89280.4,85555.0,86627.6,2151920.937
371,2026-01-26,86627.6,89474.6,86463.3,88346.5,3421858.019
372,2026-01-27,88346.5,89479.3,82555.0,89200.0,2592185.065
373,2026-01-28,89200.0,92004.7,85000.0,89261.7,2867961.248
374,2026-01-29,89190.1,91000.0,83344.4,84654.0,3101892.43
375,2026-01-30,84654.0,87500.0,80100.0,84212.0,4703446.664
376,2026-01-31,84212.0,87500.0,76785.7,78733.1,4113926.571
377,2026-02-01,78733.1,79346.8,75700.1,76931.5,4915882.512
378,2026-02-02,76931.5,86800.0,74585.0,78692.5,6105308.261
379,2026-02-03,78692.4,84000.0,72956.9,75724.9,5607250.187
380,2026-02-04,75724.9,76849.5,71945.5,73148.9,5970843.289
381,2026-02-05,73148.4,73288.0,45119.9,62878.9,9633153.585
382,2026-02-06,62880.2,71683.7,59000.0,70520.7,9391485.942
383,2026-02-07,70524.0,73000.0,66700.0,69286.4,7026784.908
384,2026-02-08,69286.4,74841.7,64309.1,70325.7,8340519.531
385,2026-02-09,70327.0,71375.4,65000.0,70100.1,8953930.597
386,2026-02-10,70081.9,72900.0,66000.0,68804.5,3836470.421
387,2026-02-11,68804.5,71500.0,65000.0,67011.5,3821743.039
388,2026-02-12,67011.5,68319.3,63000.0,66266.6,3679586.792
389,2026-02-13,66263.9,69315.0,63830.0,68869.4,3153217.483
390,2026-02-14,68874.8,71500.0,66292.0,69771.0,1845860.839
391,2026-02-15,69777.3,70889.4,66292.0,68793.3,2475175.65
392,2026-02-16,68793.3,70402.1,67295.5,68860.3,2608302.419
393,2026-02-17,68860.2,74850.8,66300.0,67475.9,2902626.651
394,2026-02-18,67474.1,68421.0,65852.7,66412.5,2594589.114
395,2026-02-19,66436.0,67242.9,59927.2,66956.8,2670808.625
396,2026-02-20,66956.8,71500.0,63000.0,67990.2,2624217.409
397,2026-02-21,67996.0,70662.0,63435.4,67946.9,1212167.855
398,2026-02-22,67946.9,68200.0,63800.0,67642.4,8350667.491
399,2026-02-23,67642.4,67649.8,56452.3,64631.6,4011976.282
400,2026-02-24,64636.7,64958.6,62632.5,64020.2,3184628.328
401,2026-02-25,64020.2,69907.2,63907.6,67951.9,5191716.637
402,2026-02-26,67951.9,72000.0,65200.0,67448.2,4699294.796
403,2026-02-27,67448.2,68127.4,65000.0,65825.1,5026677.39
404,2026-02-28,65825.1,68000.0,62600.0,66955.0,4890193.149
405,2026-03-01,66955.0,68115.4,65061.0,65726.8,5115282.674
406,2026-03-02,65726.8,69931.7,65189.6,68756.7,4051391.042
407,2026-03-03,68768.0,69700.0,66000.0,68264.0,3318925.588
408,2026-03-04,68230.9,73957.5,66000.0,72701.3,3187812.832
409,2026-03-05,72704.7,75300.0,70635.0,70850.1,2972629.978
410,2026-03-06,70850.2,76055.2,66500.0,68090.8,2485140.04
411,2026-03-07,68094.5,68431.3,66977.0,67223.1,1248178.583
412,2026-03-08,67228.6,68153.9,65500.0,65934.4,1838905.894
413,2026-03-09,65933.9,70621.0,65222.0,68350.9,2562188.593
414,2026-03-10,68364.9,72002.0,68100.0,69415.8,900317.218
415,2026-03-11,69647.4,73000.0,66000.0,70160.6,938262.867
416,2026-03-12,70160.6,70709.4,69236.2,70464.9,1716528.08
417,2026-03-13,70461.3,74000.0,70379.9,70897.5,1755778.036
418,2026-03-14,70897.5,71236.2,70393.9,71181.0,1154642.684
419,2026-03-15,71181.0,73000.0,70867.7,72780.3,1436760.718
420,2026-03-16,72782.0,75000.0,72280.2,74831.9,1900904.266
421,2026-03-17,74831.9,76000.0,73500.1,73888.8,1866127.814
422,2026-03-18,73888.8,74519.7,70671.3,71212.3,1765743.925
423,2026-03-19,71245.1,71479.2,68400.0,69880.9,1991051.224
424,2026-03-20,69880.9,71200.0,69545.3,70472.7,1820265.464
425,2026-03-21,70472.7,70976.0,69492.4,69879.6,1022138.428
426,2026-03-22,69984.6,70120.0,67334.9,67847.1,1634157.12
427,2026-03-23,67840.3,71631.7,67571.6,70879.4,2044554.673
428,2026-03-24,70879.4,71300.2,68962.4,70523.9,1882695.05
429,2026-03-25,70550.1,71903.8,70415.7,71294.6,1848278.86
430,2026-03-26,71299.9,71382.6,68210.1,68787.4,1973650.299
431,2026-03-27,68787.4,69076.6,65596.3,66310.2,2033605.484
432,2026-03-28,66310.2,67315.8,65943.5,66334.7,1378594.489
433,2026-03-29,66326.6,66974.6,65709.0,65967.0,1621926.485
434,2026-03-30,65966.0,67919.9,65837.0,66723.0,1911186.1504
435,2026-03-31,66723.0,68351.3,66074.9,68237.6,2129312.2771
436,2026-04-01,68237.6,69181.5,67580.6,68086.5,1863248.9466
437,2026-04-02,68077.5,68564.5,65806.4,66864.5,1872025.284
438,2026-04-03,66864.4,67220.5,66305.3,66915.6,1385392.8999
439,2026-04-04,66914.3,67458.2,66800.0,67249.4,695941.3135
440,2026-04-05,67249.5,69054.8,66699.9,68971.0,1100365.0658
441,2026-04-06,68971.0,70125.0,68495.2,68818.3,1751429.1702
442,2026-04-07,68809.1,72340.4,67761.0,71913.1,1921025.4307
443,2026-04-08,71916.1,72759.9,70828.2,71113.5,1709801.5452
444,2026-04-09,71113.6,72755.3,70516.5,71736.4,1800323.6869
445,2026-04-10,71736.4,73372.3,71418.0,72906.5,1616264.5551
446,2026-04-11,72906.5,73649.8,72572.4,73013.5,1249501.9444
447,2026-04-12,73006.8,73073.0,70558.9,70709.3,1591522.4822
448,2026-04-13,70709.3,74734.4,70570.0,74443.3,1791337.2823
449,2026-04-14,74485.8,75853.0,73875.9,74132.4,1701447.1644
450,2026-04-15,74132.4,75203.9,73573.8,74726.5,1665631.0022
451,2026-04-16,74726.5,75370.2,73570.7,75097.1,1644134.4598
452,2026-04-17,75097.1,84000.0,74564.7,77087.6,1693653.7127
453,2026-04-18,77087.6,77339.2,75486.9,75725.3,1339189.277
454,2026-04-19,75725.3,76050.0,73793.0,73802.2,1700081.8072
455,2026-04-20,73802.2,76440.0,73796.7,75805.0,1659372.3154
456,2026-04-21,75805.0,76569.3,74938.2,76283.9,1271417.8253
457,2026-04-22,76283.8,80000.0,76123.3,78156.8,1441535.1749
458,2026-04-23,78156.8,78486.9,77220.0,78219.6,1728462.3213
459,2026-04-24,78220.8,78484.1,77273.3,77367.4,1788523.7532
460,2026-04-25,77363.6,77777.0,77199.8,77544.9,888408.6981
461,2026-04-26,77544.9,78778.5,77315.9,78300.1,1445750.4982
462,2026-04-27,78778.5,79350.0,76546.5,77331.1,1819914.6703
463,2026-04-28,77330.2,77429.3,75726.3,76278.7,1373625.3436
464,2026-04-29,76278.7,77750.0,74972.7,75755.3,1250340.6043
465,2026-04-30,75755.3,76525.5,75388.3,76286.5,1502470.5877
466,2026-05-01,76286.5,78702.7,76286.3,78187.6,1411162.8105
467,2026-05-02,78187.5,78820.2,78009.2,78643.2,819822.3875
468,2026-05-03,78623.5,79295.0,78041.0,78575.0,951902.6898
469,2026-05-04,78575.0,80500.0,78312.9,79808.2,1648093.6228
470,2026-05-05,79801.8,82000.0,79774.2,80874.5,1415520.0432
471,2026-05-06,80874.5,82800.0,80800.0,81390.0,1456812.0586
472,2026-05-07,81385.4,81629.0,79579.1,79989.0,1460966.0196
473,2026-05-08,79989.0,80359.3,79252.6,80109.7,1284420.2864
474,2026-05-09,80109.7,81011.1,80088.7,80659.3,830356.7224
475,2026-05-10,80659.3,82379.9,80526.6,82175.7,1011947.4356
476,2026-05-11,82175.7,82260.3,80520.3,81699.0,1415246.6368
477,2026-05-12,81699.0,81722.8,79983.9,80461.0,1239781.1374
478,2026-05-13,80482.9,81244.0,78807.6,79288.2,1345352.1393
479,2026-05-14,79288.6,81915.1,78935.5,81025.8,1538289.5986
480,2026-05-15,81025.8,81568.9,78738.9,79084.6,1430789.1022
481,2026-05-16,79084.7,79161.0,77718.2,78150.4,950884.0614
482,2026-05-17,78150.4,78492.4,77207.1,77468.6,1120448.0872
483,2026-05-18,77468.6,77836.5,76060.6,76963.2,1690037.1903
484,2026-05-19,76963.2,77300.0,76228.7,76799.9,1519690.5464
485,2026-05-20,76785.3,77837.9,76519.8,77503.7,1432549.6703
486,2026-05-21,77503.7,78126.1,76798.8,77578.9,1359580.9768
487,2026-05-22,77575.5,77843.9,75528.2,75528.2,1326062.4529
488,2026-05-23,75528.2,77296.2,74345.2,76715.3,1231473.7931
489,2026-05-24,76715.4,77300.3,76106.0,77033.5,1252467.1069
490,2026-05-25,77033.5,77760.2,76989.0,77300.3,1001152.3596
491,2026-05-26,77307.4,77871.5,75691.2,75931.2,1108540.6349
492,2026-05-27,75931.5,76019.4,74243.5,74405.9,1313079.1426
493,2026-05-28,74395.0,74546.7,72616.5,73577.7,1645928.3688
494,2026-05-29,73577.7,74270.5,72603.5,73404.0,1527813.7696
495,2026-05-30,73403.9,74067.2,73225.0,73791.7,803711.1117
496,2026-05-31,73791.7,74238.2,73393.2,73662.4,1104806.7703
497,2026-06-01,73662.4,73971.0,70812.6,71375.8,1647923.828
498,2026-06-02,71375.8,71375.8,66282.1,66739.2,2162735.1708
499,2026-06-03,66739.2,67439.9,59000.0,64110.0,1917529.0923
500,2026-06-04,64117.6,64590.0,60223.0,63651.2,437845.702
501,2026-06-05,63703.1,63947.2,56000.0,60981.6,2316254.4385
502,2026-06-06,60981.6,61456.2,59582.4,60849.8,2275803.5205
503,2026-06-07,60855.9,63274.8,60718.7,63216.6,2269734.9682
504,2026-06-08,63216.6,64590.0,62430.0,63046.0,2230103.9301
505,2026-06-09,63046.0,63483.1,60946.2,61679.5,2154912.643
506,2026-06-10,61683.0,62687.3,60913.9,61526.0,2261020.6653
507,2026-06-11,61533.4,63795.5,61502.7,63578.9,2151372.4193
508,2026-06-12,63578.9,64288.0,62831.2,63548.4,1889127.7555
509,2026-06-13,63547.0,64586.0,63458.6,64414.5,1268371.1689
510,2026-06-14,64401.6,65627.4,63671.0,65626.9,1306850.2122
511,2026-06-15,65626.9,67338.8,64844.3,66291.8,1222785.6805
512,2026-06-16,66291.8,66920.3,65369.1,65607.1,1771039.6086
513,2026-06-17,65607.1,66037.8,64577.8,65156.8,981473.1513
514,2026-06-18,65127.5,65399.0,62316.4,62908.8,1328215.1074
515,2026-06-19,62908.8,63391.4,62348.6,63261.2,1328331.2375
516,2026-06-20,63236.0,64337.5,62818.1,64280.2,271675.0642
517,2026-06-21,64270.3,64432.8,62812.6,63126.6,118994.722
518,2026-06-22,63119.7,65523.2,63000.0,63990.2,1097872.0413
519,2026-06-23,63990.2,64216.4,61994.6,62702.7,1940208.5031
520,2026-06-24,62702.7,62977.7,59065.8,61051.1,2259670.4645
521,2026-06-25,61054.0,61900.0,58655.9,59782.2,2210427.5452
522,2026-06-26,59778.9,61285.2,58360.1,60034.0,2376012.0969
523,2026-06-27,60034.0,61285.2,59887.2,60000.3,1570827.444
524,2026-06-28,60000.4,60435.6,58980.4,59570.2,1764784.6856
525,2026-06-29,59648.4,60591.1,59020.0,60299.0,2023717.9909
526,2026-06-30,60390.9,60495.0,58216.4,58625.7,1942214.2193
527,2026-07-01,58625.7,61196.9,57895.2,60005.0,2332466.8036
528,2026-07-02,60005.0,62139.5,59570.9,61370.0,1583918.3981
529,2026-07-03,61435.0,62826.7,61269.7,62577.0,1757226.3702
530,2026-07-04,62577.0,62882.1,62392.0,62744.4,532755.5653
531,2026-07-05,62782.5,63888.9,62450.0,63623.1,621027.2853
532,2026-07-06,63628.2,64437.5,61339.6,64014.4,2085561.3043
533,2026-07-07,64014.4,64232.6,62846.6,63321.4,1973736.1039
534,2026-07-08,63318.7,63676.0,61542.5,62262.4,1907786.0224
535,2026-07-09,62262.4,63401.0,61730.1,63251.7,1881297.8343
536,2026-07-10,63251.7,64481.4,62938.0,64109.2,1706579.6698
537,2026-07-11,64109.2,64452.2,63817.5,63878.3,1070443.4794
538,2026-07-12,63892.1,64220.0,63674.4,63750.0,1246005.682
539,2026-07-13,63775.1,64261.1,61865.3,62255.1,1931498.8452
540,2026-07-14,62252.4,65016.4,62190.5,65001.3,1779329.0151
541,2026-07-15,65001.3,65524.4,64468.2,64737.2,1637501.7589
542,2026-07-16,64737.2,64909.3,63726.8,63802.7,1729754.8413
543,2026-07-17,63802.7,64258.7,62535.6,63925.8,1778568.5391
544,2026-07-18,63925.8,64800.8,63862.1,64795.7,787373.085
545,2026-07-19,64795.7,64882.6,64278.6,64660.5,1088430.911
546,2026-07-20,64659.9,65737.8,63944.4,65219.2,1604565.1353
547,2026-07-21,65206.9,66897.8,65134.2,66517.4,1545405.8284
548,2026-07-22,66517.4,66690.9,65551.0,66089.7,1545438.2033
549,2026-07-23,66089.7,66260.6,64699.2,65061.9,1510836.4532
550,2026-07-24,65040.5,65716.9,63760.0,64125.8,1393108.1527
551,2026-07-25,64125.8,64395.2,63782.2,64360.2,568358.7862
552,2026-07-26,64360.2,65449.2,64260.1,65332.6,871936.2825
553,2026-07-27,65332.6,65595.0,63652.4,63728.0,1662515.7552
554,2026-07-28,63728.0,64029.1,62936.9,63909.7,1731862.6356
555,2026-07-29,63910.9,64642.2,63349.5,63993.9,1755446.8322
556,2026-07-30,64001.1,65032.1,63591.9,64758.2,1446129.2673
557,2026-07-31,64764.4,65273.7,62539.7,62943.5,1084971.1983
558,2026-08-01,62950.7,63117.7,62333.9,62792.2,770111.3228
559,2026-08-02,62766.7,63642.4,62766.7,63134.5,557526.0826
560,2026-08-03,63122.6,63978.4,62324.9,63493.8,1489345.1846
561,2026-08-04,63493.2,64393.2,63330.1,64090.0,1582893.0816
562,2026-08-05,64090.0,64952.3,63932.0,64693.8,1382915.7171
563,2026-08-06,64691.1,64952.6,64176.3,64295.1,1149069.641
564,2026-08-07,64294.7,65331.4,64170.0,64885.4,1359832.7055
565,2026-08-08,64885.4,65149.9,64790.0,64936.7,420749.5574
566,2026-08-09,64936.7,65345.3,64702.0,64852.1,598204.8833
567,2026-08-10,64852.1,65315.5,63828.8,63924.3,1410841.9635
568,2026-08-11,63924.3,64453.8,63280.3,63577.2,1099608.5902
569,2026-08-12,63577.2,64315.7,63313.7,63442.1,1237547.0058
570,2026-08-13,63422.3,63940.5,63048.1,63455.3,1109220.2008
571,2026-08-14,63455.3,63584.5,62584.0,62990.8,1248962.1815
572,2026-08-15,62973.7,63159.0,62894.6,63054.4,379227.3649
573,2026-08-16,63054.4,63345.3,62707.3,62886.6,488747.8883
574,2026-08-17,62887.2,64452.9,62744.9,64321.2,1304016.1857
575,2026-08-18,64337.9,64959.8,64060.0,64696.0,950198.0528
576,2026-08-19,64696.0,69784.1,64149.0,69264.9,1607600.646
577,2026-08-20,69264.8,73187.4,68925.2,73006.7,1951396.0682
578,2026-08-21,73020.9,78698.4,72999.1,78305.1,1988544.9449
579,2026-08-22,78305.9,78747.3,76621.0,77110.0,1484921.4197
580,2026-08-23,77109.1,78545.5,75777.2,77685.3,1434801.0423
581,2026-08-24,77685.2,79931.6,76790.0,78935.6,1720833.147
582,2026-08-25,78935.5,80979.0,78089.5,78508.2,1673480.9105
583,2026-08-26,78528.5,79184.9,77697.0,78974.8,1500821.6295
584,2026-08-27,78967.8,80751.6,78624.7,80210.2,1417145.5286
585,2026-08-28,80217.5,81085.5,77295.5,77722.8,1567582.4339
586,2026-08-29,77733.0,78302.5,77377.7,78208.6,844930.1074
587,2026-08-30,78208.6,79313.8,77286.5,77634.6,1204313.9708
588,2026-08-31,77634.5,79195.2,77422.9,78546.3,1554910.7328
589,2026-09-01,78544.7,79127.2,76546.4,77413.0,978747.5661
590,2026-09-02,77413.0,78010.0,76333.3,77279.1,1411057.5569
591,2026-09-03,77279.1,81981.8,77006.3,81236.9,1625409.4847
592,2026-09-04,81236.9,81287.9,78711.1,79616.1,1407136.8263
593,2026-09-05,79574.2,80078.7,79414.8,79800.0,671599.3668
594,2026-09-06,79797.7,81279.7,79472.0,80301.0,891948.1529
595,2026-09-07,80304.3,80383.6,78709.0,79086.1,1045496.5702
596,2026-09-08,79086.1,79411.5,77676.7,78437.0,1361276.9033
597,2026-09-09,78437.0,79663.5,77812.8,78261.7,1478958.6416
598,2026-09-10,78261.7,78478.5,76624.3,76624.3,1385514.8992
599,2026-09-11,76624.3,79148.2,76607.0,77179.9,1438847.4752
600,2026-09-12,77179.9,77440.9,77042.3,77251.1,390289.1877
601,2026-09-13,77251.1,77385.6,76579.2,76827.4,823120.5383
602,2026-09-14,76827.4,79542.0,76538.0,78137.1,1615867.8165
603,2026-09-15,78135.0,78192.1,75187.6,75610.2,1567491.0666
604,2026-09-16,75610.3,76323.0,75332.0,76174.5,1630071.1808
605,2026-09-17,76170.7,77040.0,76080.1,76394.0,1378867.5456
606,2026-09-18,76394.0,81310.2,76303.5,80877.3,1581266.8315
607,2026-09-19,80890.0,81981.8,80839.6,81244.1,1019749.0806
608,2026-09-20,81292.9,81352.1,80125.8,81210.1,1242700.0812
609,2026-09-21,81144.1,95804.1,81079.0,86523.4,1667283.6028
610,2026-09-22,86523.4,86549.3,85154.5,86136.5,1404030.266
611,2026-09-23,86131.3,87235.5,83686.9,84378.5,1365880.0476
612,2026-09-24,84378.5,84735.5,82980.2,84370.1,1443528.8325
613,2026-09-25,84370.1,84821.7,83774.7,83780.3,439714.5731
